{"header":{"gtfs_realtime_version":"2.0","incrementality":0,"timestamp":1730087995},"entity":[{"id":"2109488","is_deleted":false,"trip_update":{"trip":{"trip_id":"2109488","start_time":"21:29:00","start_date":"20241027","schedule_relationship":0,"route_id":"13","direction_id":1},"stop_time_update":[{"stop_sequence":2,"arrival":null,"departure":{"delay":0,"time":1730079800,"uncertainty":0,"schedule_time":1730078979},"stop_id":"RICHJACK","schedule_relationship":0,"stop_time_properties":{"assigned_stop_id":"","stop_headsign":{"translation":[{"text":"","language":"en"}]},"pickup_type":0,"drop_off_type":0,"shape_dist_traveled":0},"departure_occupancy_status":0},{"stop_sequence":3,"arrival":null,"departure":{"delay":0,"time":1730079835,"uncertainty":0,"schedule_time":1730079004},"stop_id":"RICHSHAV","schedule_relationship":0,"stop_time_properties":{"assigned_stop_id":"","stop_headsign":{"translation":[{"text":"","language":"en"}]},"pickup_type":0,"drop_off_type":0,"shape_dist_traveled":0},"departure_occupancy_status":0},{"stop_sequence":4,"arrival":null,"departure":{"delay":0,"time":1730079859,"uncertainty":0,"schedule_time":1730079033},"stop_id":"RICHWES2","schedule_relationship":0,"stop_time_properties":{"assigned_stop_id":"","stop_headsign":{"translation":[{"text":"","language":"en"}]},"pickup_type":0,"drop_off_type":0,"shape_dist_traveled":0},"departure_occupancy_status":0},{"stop_sequence":5,"arrival":null,"departure":{"delay":0,"time":1730079872,"uncertainty":0,"schedule_time":1730079047},"stop_id":"RICHWES4","schedule_relationship":0,"stop_time_properties":{"assigned_stop_id":"","stop_headsign":{"translation":[{"text":"","language":"en"}]},"pickup_type":0,"drop_off_type":0,"shape_dist_traveled":0},"departure_occupancy_status":0},{"stop_sequence":6,"arrival":null,"departure":{"delay":0,"time":1730079887,"uncertainty":0,"schedule_time":1730079069},"stop_id":"RICHWYND","schedule_relationship":0,"stop_time_properties":{"assigned_stop_id":"","stop_headsign":{"translation":[{"text":"","language":"en"}]},"pickup_type":0,"drop_off_type":0,"shape_dist_traveled":0},"departure_occupancy_status":0},{"stop_sequence":7,"arrival":null,"departure":{"delay":0,"time":1730079936,"uncertainty":0,"schedule_time":1730079115},"stop_id":"WINDRIC2","schedule_relationship":0,"stop_time_properties":{"assigned_stop_id":"","stop_headsign":{"translation":[{"text":"","language":"en"}]},"pickup_type":0,"drop_off_type":0,"shape_dist_traveled":0},"departure_occupancy_status":0},{"stop_sequence":8,"arrival":null,"departure":{"delay":0,"time":1730079969,"uncertainty":0,"schedule_time":1730079143},"stop_id":"PERTWIN2","schedule_relationship":0,"stop_time_properties":{"assigned_stop_id":"","stop_headsign":{"translation":[{"text":"","language":"en"}]},"pickup_type":0,"drop_off_type":0,"shape_dist_traveled":0},"departure_occupancy_status":0},{"stop_sequence":42,"arrival":null,"departure":{"delay":0,"time":1730081658,"uncertainty":0,"schedule_time":1730080896},"stop_id":"SOUTWIL1","schedule_relationship":0,"stop_time_properties":{"assigned_stop_id":"","stop_headsign":{"translation":[{"text":"","language":"en"}]},"pickup_type":0,"drop_off_type":0,"shape_dist_traveled":0},"departure_occupancy_status":0},{"stop_sequence":43,"arrival":null,"departure":{"delay":0,"time":1730081707,"uncertainty":0,"schedule_time":1730080961},"stop_id":"SOUTADE1","schedule_relationship":0,"stop_time_properties":{"assigned_stop_id":"","stop_headsign":{"translation":[{"text":"","language":"en"}]},"pickup_type":0,"drop_off_type":0,"shape_dist_traveled":0},"departure_occupancy_status":0},{"stop_sequence":44,"arrival":null,"departure":{"delay":0,"time":1730081743,"uncertainty":0,"schedule_time":1730080989},"stop_id":"MILLSDA1","schedule_relationship":0,"stop_time_properties":{"assigned_stop_id":"","stop_headsign":{"translation":[{"text":"","language":"en"}]},"pickup_type":0,"drop_off_type":0,"shape_dist_traveled":0},"departure_occupancy_status":0},{"stop_sequence":45,"arrival":null,"departure":{"delay":0,"time":1730081760,"uncertainty":0,"schedule_time":1730081009},"stop_id":"MILLDOWN","schedule_relationship":0,"stop_time_properties":{"assigned_stop_id":"","stop_headsign":{"translation":[{"text":"","language":"en"}]},"pickup_type":0,"drop_off_type":0,"shape_dist_traveled":0},"departure_occupancy_status":0},{"stop_sequence":46,"arrival":null,"departure":{"delay":0,"time":1730081776,"uncertainty":0,"schedule_time":1730081030},"stop_id":"MILLSTAN","schedule_relationship":0,"stop_time_properties":{"assigned_stop_id":"","stop_headsign":{"translation":[{"text":"","language":"en"}]},"pickup_type":0,"drop_off_type":0,"shape_dist_traveled":0},"departure_occupancy_status":0},{"stop_sequence":47,"arrival":null,"departure":{"delay":0,"time":1730081792,"uncertainty":0,"schedule_time":1730081052},"stop_id":"MILLSHA3","schedule_relationship":0,"stop_time_properties":{"assigned_stop_id":"","stop_headsign":{"translation":[{"text":"","language":"en"}]},"pickup_type":0,"drop_off_type":0,"shape_dist_traveled":0},"departure_occupancy_status":0},{"stop_sequence":48,"arrival":null,"departure":{"delay":0,"time":1730081826,"uncertainty":0,"schedule_time":1730081097},"stop_id":"MILLPAR1","schedule_relationship":0,"stop_time_properties":{"assigned_stop_id":"","stop_headsign":{"translation":[{"text":"","language":"en"}]},"pickup_type":0,"drop_off_type":0,"shape_dist_traveled":0},"departure_occupancy_status":0},{"stop_sequence":49,"arrival":null,"departure":{"delay":0,"time":1730081857,"uncertainty":0,"schedule_time":1730081136},"stop_id":"MILLSHA2","schedule_relationship":0,"stop_time_properties":{"assigned_stop_id":"","stop_headsign":{"translation":[{"text":"","language":"en"}]},"pickup_type":0,"drop_off_type":0,"shape_dist_traveled":0},"departure_occupancy_status":0},{"stop_sequence":50,"arrival":null,"departure":{"delay":0,"time":1730081924,"uncertainty":0,"schedule_time":1730081201},"stop_id":"MILLSDA4","schedule_relationship":0,"stop_time_properties":{"assigned_stop_id":"","stop_headsign":{"translation":[{"text":"","language":"en"}]},"pickup_type":0,"drop_off_type":0,"shape_dist_traveled":0},"departure_occupancy_status":0},{"stop_sequence":51,"arrival":null,"departure":{"delay":0,"time":1730081945,"uncertainty":0,"schedule_time":1730081222},"stop_id":"MILLDUD2","schedule_relationship":0,"stop_time_properties":{"assigned_stop_id":"","stop_headsign":{"translation":[{"text":"","language":"en"}]},"pickup_type":0,"drop_off_type":0,"shape_dist_traveled":0},"departure_occupancy_status":0},{"stop_sequence":52,"arrival":null,"departure":{"delay":0,"time":1730081979,"uncertainty":0,"schedule_time":1730081253},"stop_id":"MILLASHB","schedule_relationship":0,"stop_time_properties":{"assigned_stop_id":"","stop_headsign":{"translation":[{"text":"","language":"en"}]},"pickup_type":0,"drop_off_type":0,"shape_dist_traveled":0},"departure_occupancy_status":0},{"stop_sequence":53,"arrival":null,"departure":{"delay":0,"time":1730081994,"uncertainty":0,"schedule_time":1730081272},"stop_id":"MILLBEX2","schedule_relationship":0,"stop_time_properties":{"assigned_stop_id":"","stop_headsign":{"translation":[{"text":"","language":"en"}]},"pickup_type":0,"drop_off_type":0,"shape_dist_traveled":0},"departure_occupancy_status":0},{"stop_sequence":54,"arrival":null,"departure":{"delay":0,"time":1730082019,"uncertainty":0,"schedule_time":1730081301},"stop_id":"MILLBEX4","schedule_relationship":0,"stop_time_properties":{"assigned_stop_id":"","stop_headsign":{"translation":[{"text":"","language":"en"}]},"pickup_type":0,"drop_off_type":0,"shape_dist_traveled":0},"departure_occupancy_status":0},{"stop_sequence":55,"arrival":null,"departure":{"delay":0,"time":1730082055,"uncertainty":0,"schedule_time":1730081337},"stop_id":"ASHBMIL2","schedule_relationship":0,"stop_time_properties":{"assigned_stop_id":"","stop_headsign":{"translation":[{"text":"","language":"en"}]},"pickup_type":0,"drop_off_type":0,"shape_dist_traveled":0},"departure_occupancy_status":0},{"stop_sequence":56,"arrival":null,"departure":{"delay":0,"time":1730082077,"uncertainty":0,"schedule_time":1730081366},"stop_id":"ASHBSUR1","schedule_relationship":0,"stop_time_properties":{"assigned_stop_id":"","stop_headsign":{"translation":[{"text":"","language":"en"}]},"pickup_type":0,"drop_off_type":0,"shape_dist_traveled":0},"departure_occupancy_status":0},{"stop_sequence":57,"arrival":null,"departure":{"delay":0,"time":1730082096,"uncertainty":0,"schedule_time":1730081384},"stop_id":"DOWASH2","schedule_relationship":0,"stop_time_properties":{"assigned_stop_id":"","stop_headsign":{"translation":[{"text":"","language":"en"}]},"pickup_type":0,"drop_off_type":0,"shape_dist_traveled":0},"departure_occupancy_status":0},{"stop_sequence":58,"arrival":null,"departure":{"delay":0,"time":1730082126,"uncertainty":0,"schedule_time":1730081414},"stop_id":"OSGOWOO2","schedule_relationship":0,"stop_time_properties":{"assigned_stop_id":"","stop_headsign":{"translation":[{"text":"","language":"en"}]},"pickup_type":0,"drop_off_type":0,"shape_dist_traveled":0},"departure_occupancy_status":0},{"stop_sequence":59,"arrival":null,"departure":{"delay":0,"time":1730082162,"uncertainty":0,"schedule_time":1730081460},"stop_id":"ADELOSG1","schedule_relationship":0,"stop_time_properties":{"assigned_stop_id":"","stop_headsign":{"translation":[{"text":"","language":"en"}]},"pickup_type":0,"drop_off_type":0,"shape_dist_traveled":0},"departure_occupancy_status":0},{"stop_sequence":60,"arrival":null,"departure":{"delay":0,"time":1730082181,"uncertainty":0,"schedule_time":1730081491},"stop_id":"OSGOKIN2","schedule_relationship":0,"stop_time_properties":{"assigned_stop_id":"","stop_headsign":{"translation":[{"text":"","language":"en"}]},"pickup_type":0,"drop_off_type":0,"shape_dist_traveled":0},"departure_occupancy_status":0},{"stop_sequence":61,"arrival":null,"departure":{"delay":0,"time":1730082196,"uncertainty":0,"schedule_time":1730081517},"stop_id":"OSGOKIN4","schedule_relationship":0,"stop_time_properties":{"assigned_stop_id":"","stop_headsign":{"translation":[{"text":"","language":"en"}]},"pickup_type":0,"drop_off_type":0,"shape_dist_traveled":0},"departure_occupancy_status":0},{"stop_sequence":62,"arrival":null,"departure":{"delay":0,"time":1730082214,"uncertainty":0,"schedule_time":1730081547},"stop_id":"OSGOFITZ","schedule_relationship":0,"stop_time_properties":{"assigned_stop_id":"","stop_headsign":{"translation":[{"text":"","language":"en"}]},"pickup_type":0,"drop_off_type":0,"shape_dist_traveled":0},"departure_occupancy_status":0},{"stop_sequence":63,"arrival":null,"departure":{"delay":0,"time":1730082234,"uncertainty":0,"schedule_time":1730081578},"stop_id":"OSGOBRE2","schedule_relationship":0,"stop_time_properties":{"assigned_stop_id":"","stop_headsign":{"translation":[{"text":"","language":"en"}]},"pickup_type":0,"drop_off_type":0,"shape_dist_traveled":0},"departure_occupancy_status":0},{"stop_sequence":64,"arrival":null,"departure":{"delay":0,"time":1730082260,"uncertainty":0,"schedule_time":1730081612},"stop_id":"WILLOSG2","schedule_relationship":0,"stop_time_properties":{"assigned_stop_id":"","stop_headsign":{"translation":[{"text":"","language":"en"}]},"pickup_type":0,"drop_off_type":0,"shape_dist_traveled":0},"departure_occupancy_status":0},{"stop_sequence":65,"arrival":null,"departure":{"delay":0,"time":1730082298,"uncertainty":0,"schedule_time":1730081656},"stop_id":"DEARWILL","schedule_relationship":0,"stop_time_properties":{"assigned_stop_id":"","stop_headsign":{"translation":[{"text":"","language":"en"}]},"pickup_type":0,"drop_off_type":0,"shape_dist_traveled":0},"departure_occupancy_status":0},{"stop_sequence":66,"arrival":null,"departure":{"delay":0,"time":1730082317,"uncertainty":0,"schedule_time":1730081683},"stop_id":"DEARDUL2","schedule_relationship":0,"stop_time_properties":{"assigned_stop_id":"","stop_headsign":{"translation":[{"text":"","language":"en"}]},"pickup_type":0,"drop_off_type":0,"shape_dist_traveled":0},"departure_occupancy_status":0},{"stop_sequence":67,"arrival":null,"departure":{"delay":0,"time":1730082348,"uncertainty":0,"schedule_time":1730081726},"stop_id":"BRADDEAR","schedule_relationship":0,"stop_time_properties":{"assigned_stop_id":"","stop_headsign":{"translation":[{"text":"","language":"en"}]},"pickup_type":0,"drop_off_type":0,"shape_dist_traveled":0},"departure_occupancy_status":0},{"stop_sequence":68,"arrival":null,"departure":{"delay":0,"time":1730082398,"uncertainty":0,"schedule_time":1730081759},"stop_id":"WELLBRA2","schedule_relationship":0,"stop_time_properties":{"assigned_stop_id":"","stop_headsign":{"translation":[{"text":"","language":"en"}]},"pickup_type":0,"drop_off_type":0,"shape_dist_traveled":0},"departure_occupancy_status":0},{"stop_sequence":69,"arrival":{"delay":0,"time":1730082421,"uncertainty":0,"schedule_time":1730081820},"departure":null,"stop_id":"WHITOMA1","schedule_relationship":0,"stop_time_properties":{"assigned_stop_id":"","stop_headsign":{"translation":[{"text":"","language":"en"}]},"pickup_type":1,"drop_off_type":0,"shape_dist_traveled":0},"departure_occupancy_status":0}],"vehicle":{"id":"3024","label":"24","license_plate":""},"timestamp":1730086722,"delay":0,"trip_properties":{"trip_id":"2109488","start_date":"20241027","start_time":"21:29:00","shape_id":"0","route_id":"13","trip_headsign":{"translation":[{"text":"13A White Oaks Mall via Westminster Park","language":"en"}]},"trip_short_name":{"translation":[{"text":"WhiteOaks Mall via Westminste","language":"en"}]},"block_id":"867036"},"vehicle_properties":{"wheelchair_accessible":0,"bikes_allowed":0},"replaced_by_trip_id":["0"]},"vehicle":null,"alert":null,"shape":null,"trip":null,"route":null,"stop":null},{"id":"2109524","is_deleted":false,"trip_update":{"trip":{"trip_id":"2109524","start_time":"22:19:00","start_date":"20241027","schedule_relationship":0,"route_id":"13","direction_id":0},"stop_time_update":[{"stop_sequence":1,"arrival":null,"departure":{"delay":0,"time":1730086723,"uncertainty":0,"schedule_time":1730081940},"stop_id":"WHITOMA1","schedule_relationship":0,"stop_time_properties":{"assigned_stop_id":"","stop_headsign":{"translation":[{"text":"","language":"en"}]},"pickup_type":0,"drop_off_type":1,"shape_dist_traveled":0},"departure_occupancy_status":0},{"stop_sequence":2,"arrival":null,"departure":{"delay":0,"time":1730086798,"uncertainty":0,"schedule_time":1730082039},"stop_id":"BRADWEL3","schedule_relationship":0,"stop_time_properties":{"assigned_stop_id":"","stop_headsign":{"translation":[{"text":"","language":"en"}]},"pickup_type":0,"drop_off_type":0,"shape_dist_traveled":0},"departure_occupancy_status":0},{"stop_sequence":3,"arrival":null,"departure":{"delay":0,"time":1730086818,"uncertainty":0,"schedule_time":1730082060},"stop_id":"DEARBRAD","schedule_relationship":0,"stop_time_properties":{"assigned_stop_id":"","stop_headsign":{"translation":[{"text":"","language":"en"}]},"pickup_type":0,"drop_off_type":0,"shape_dist_traveled":0},"departure_occupancy_status":0},{"stop_sequence":4,"arrival":null,"departure":{"delay":0,"time":1730086843,"uncertainty":0,"schedule_time":1730082087},"stop_id":"DEARDUL1","schedule_relationship":0,"stop_time_properties":{"assigned_stop_id":"","stop_headsign":{"translation":[{"text":"","language":"en"}]},"pickup_type":0,"drop_off_type":0,"shape_dist_traveled":0},"departure_occupancy_status":0},{"stop_sequence":5,"arrival":null,"departure":{"delay":0,"time":1730086877,"uncertainty":0,"schedule_time":1730082120},"stop_id":"WILLDEAR","schedule_relationship":0,"stop_time_properties":{"assigned_stop_id":"","stop_headsign":{"translation":[{"text":"","language":"en"}]},"pickup_type":0,"drop_off_type":0,"shape_dist_traveled":0},"departure_occupancy_status":0},{"stop_sequence":6,"arrival":null,"departure":{"delay":0,"time":1730086899,"uncertainty":0,"schedule_time":1730082144},"stop_id":"WILLOSG1","schedule_relationship":0,"stop_time_properties":{"assigned_stop_id":"","stop_headsign":{"translation":[{"text":"","language":"en"}]},"pickup_type":0,"drop_off_type":0,"shape_dist_traveled":0},"departure_occupancy_status":0},{"stop_sequence":7,"arrival":null,"departure":{"delay":0,"time":1730086924,"uncertainty":0,"schedule_time":1730082175},"stop_id":"OSGOBRE1","schedule_relationship":0,"stop_time_properties":{"assigned_stop_id":"","stop_headsign":{"translation":[{"text":"","language":"en"}]},"pickup_type":0,"drop_off_type":0,"shape_dist_traveled":0},"departure_occupancy_status":0},{"stop_sequence":8,"arrival":null,"departure":{"delay":0,"time":1730086939,"uncertainty":0,"schedule_time":1730082194},"stop_id":"OSGOMETC","schedule_relationship":0,"stop_time_properties":{"assigned_stop_id":"","stop_headsign":{"translation":[{"text":"","language":"en"}]},"pickup_type":0,"drop_off_type":0,"shape_dist_traveled":0},"departure_occupancy_status":0},{"stop_sequence":9,"arrival":null,"departure":{"delay":0,"time":1730086960,"uncertainty":0,"schedule_time":1730082222},"stop_id":"OSGOKIN1","schedule_relationship":0,"stop_time_properties":{"assigned_stop_id":"","stop_headsign":{"translation":[{"text":"","language":"en"}]},"pickup_type":0,"drop_off_type":0,"shape_dist_traveled":0},"departure_occupancy_status":0},{"stop_sequence":10,"arrival":null,"departure":{"delay":0,"time":1730086980,"uncertainty":0,"schedule_time":1730082248},"stop_id":"OSGOADE3","schedule_relationship":0,"stop_time_properties":{"assigned_stop_id":"","stop_headsign":{"translation":[{"text":"","language":"en"}]},"pickup_type":0,"drop_off_type":0,"shape_dist_traveled":0},"departure_occupancy_status":0},{"stop_sequence":11,"arrival":null,"departure":{"delay":0,"time":1730087022,"uncertainty":0,"schedule_time":1730082300},"stop_id":"OSGOADE1","schedule_relationship":0,"stop_time_properties":{"assigned_stop_id":"","stop_headsign":{"translation":[{"text":"","language":"en"}]},"pickup_type":0,"drop_off_type":0,"shape_dist_traveled":0},"departure_occupancy_status":0},{"stop_sequence":12,"arrival":null,"departure":{"delay":0,"time":1730087050,"uncertainty":0,"schedule_time":1730082326},"stop_id":"OSGOWOO1","schedule_relationship":0,"stop_time_properties":{"assigned_stop_id":"","stop_headsign":{"translation":[{"text":"","language":"en"}]},"pickup_type":0,"drop_off_type":0,"shape_dist_traveled":0},"departure_occupancy_status":0},{"stop_sequence":13,"arrival":null,"departure":{"delay":0,"time":1730087085,"uncertainty":0,"schedule_time":1730082355},"stop_id":"DOWASH1","schedule_relationship":0,"stop_time_properties":{"assigned_stop_id":"","stop_headsign":{"translation":[{"text":"","language":"en"}]},"pickup_type":0,"drop_off_type":0,"shape_dist_traveled":0},"departure_occupancy_status":0},{"stop_sequence":14,"arrival":null,"departure":{"delay":0,"time":1730087107,"uncertainty":0,"schedule_time":1730082374},"stop_id":"ASHBSUR2","schedule_relationship":0,"stop_time_properties":{"assigned_stop_id":"","stop_headsign":{"translation":[{"text":"","language":"en"}]},"pickup_type":0,"drop_off_type":0,"shape_dist_traveled":0},"departure_occupancy_status":0},{"stop_sequence":15,"arrival":null,"departure":{"delay":0,"time":1730087140,"uncertainty":0,"schedule_time":1730082404},"stop_id":"ASHBMIL1","schedule_relationship":0,"stop_time_properties":{"assigned_stop_id":"","stop_headsign":{"translation":[{"text":"","language":"en"}]},"pickup_type":0,"drop_off_type":0,"shape_dist_traveled":0},"departure_occupancy_status":0},{"stop_sequence":16,"arrival":null,"departure":{"delay":0,"time":1730087173,"uncertainty":0,"schedule_time":1730082434},"stop_id":"MILLBEX3","schedule_relationship":0,"stop_time_properties":{"assigned_stop_id":"","stop_headsign":{"translation":[{"text":"","language":"en"}]},"pickup_type":0,"drop_off_type":0,"shape_dist_traveled":0},"departure_occupancy_status":0},{"stop_sequence":17,"arrival":null,"departure":{"delay":0,"time":1730087206,"uncertainty":0,"schedule_time":1730082469},"stop_id":"MILLBEX1","schedule_relationship":0,"stop_time_properties":{"assigned_stop_id":"","stop_headsign":{"translation":[{"text":"","language":"en"}]},"pickup_type":0,"drop_off_type":0,"shape_dist_traveled":0},"departure_occupancy_status":0},{"stop_sequence":18,"arrival":null,"departure":{"delay":0,"time":1730087228,"uncertainty":0,"schedule_time":1730082494},"stop_id":"MILLBRID","schedule_relationship":0,"stop_time_properties":{"assigned_stop_id":"","stop_headsign":{"translation":[{"text":"","language":"en"}]},"pickup_type":0,"drop_off_type":0,"shape_dist_traveled":0},"departure_occupancy_status":0},{"stop_sequence":19,"arrival":null,"departure":{"delay":0,"time":1730087261,"uncertainty":0,"schedule_time":1730082528},"stop_id":"MILLDUD1","schedule_relationship":0,"stop_time_properties":{"assigned_stop_id":"","stop_headsign":{"translation":[{"text":"","language":"en"}]},"pickup_type":0,"drop_off_type":0,"shape_dist_traveled":0},"departure_occupancy_status":0},{"stop_sequence":20,"arrival":null,"departure":{"delay":0,"time":1730087284,"uncertainty":0,"schedule_time":1730082554},"stop_id":"MILLHARR","schedule_relationship":0,"stop_time_properties":{"assigned_stop_id":"","stop_headsign":{"translation":[{"text":"","language":"en"}]},"pickup_type":0,"drop_off_type":0,"shape_dist_traveled":0},"departure_occupancy_status":0},{"stop_sequence":21,"arrival":null,"departure":{"delay":0,"time":1730087346,"uncertainty":0,"schedule_time":1730082623},"stop_id":"MILLSHA1","schedule_relationship":0,"stop_time_properties":{"assigned_stop_id":"","stop_headsign":{"translation":[{"text":"","language":"en"}]},"pickup_type":0,"drop_off_type":0,"shape_dist_traveled":0},"departure_occupancy_status":0},{"stop_sequence":22,"arrival":null,"departure":{"delay":0,"time":1730087373,"uncertainty":0,"schedule_time":1730082659},"stop_id":"MILLPAR2","schedule_relationship":0,"stop_time_properties":{"assigned_stop_id":"","stop_headsign":{"translation":[{"text":"","language":"en"}]},"pickup_type":0,"drop_off_type":0,"shape_dist_traveled":0},"departure_occupancy_status":0},{"stop_sequence":23,"arrival":null,"departure":{"delay":0,"time":1730087411,"uncertainty":0,"schedule_time":1730082712},"stop_id":"MILLSHA4","schedule_relationship":0,"stop_time_properties":{"assigned_stop_id":"","stop_headsign":{"translation":[{"text":"","language":"en"}]},"pickup_type":0,"drop_off_type":0,"shape_dist_traveled":0},"departure_occupancy_status":0},{"stop_sequence":24,"arrival":null,"departure":{"delay":0,"time":1730087423,"uncertainty":0,"schedule_time":1730082728},"stop_id":"MILLEBU4","schedule_relationship":0,"stop_time_properties":{"assigned_stop_id":"","stop_headsign":{"translation":[{"text":"","language":"en"}]},"pickup_type":0,"drop_off_type":0,"shape_dist_traveled":0},"departure_occupancy_status":0},{"stop_sequence":25,"arrival":null,"departure":{"delay":0,"time":1730087452,"uncertainty":0,"schedule_time":1730082767},"stop_id":"MILLEBU2","schedule_relationship":0,"stop_time_properties":{"assigned_stop_id":"","stop_headsign":{"translation":[{"text":"","language":"en"}]},"pickup_type":0,"drop_off_type":0,"shape_dist_traveled":0},"departure_occupancy_status":0},{"stop_sequence":26,"arrival":null,"departure":{"delay":0,"time":1730087463,"uncertainty":0,"schedule_time":1730082783},"stop_id":"MILLSDA2","schedule_relationship":0,"stop_time_properties":{"assigned_stop_id":"","stop_headsign":{"translation":[{"text":"","language":"en"}]},"pickup_type":0,"drop_off_type":0,"shape_dist_traveled":0},"departure_occupancy_status":0},{"stop_sequence":27,"arrival":null,"departure":{"delay":0,"time":1730087504,"uncertainty":0,"schedule_time":1730082823},"stop_id":"SOUTADE2","schedule_relationship":0,"stop_time_properties":{"assigned_stop_id":"","stop_headsign":{"translation":[{"text":"","language":"en"}]},"pickup_type":0,"drop_off_type":0,"shape_dist_traveled":0},"departure_occupancy_status":0},{"stop_sequence":28,"arrival":null,"departure":{"delay":0,"time":1730087548,"uncertainty":0,"schedule_time":1730082883},"stop_id":"SOUTWIL2","schedule_relationship":0,"stop_time_properties":{"assigned_stop_id":"","stop_headsign":{"translation":[{"text":"","language":"en"}]},"pickup_type":0,"drop_off_type":0,"shape_dist_traveled":0},"departure_occupancy_status":0},{"stop_sequence":29,"arrival":null,"departure":{"delay":0,"time":1730087572,"uncertainty":0,"schedule_time":1730082918},"stop_id":"SOUTWEL2","schedule_relationship":0,"stop_time_properties":{"assigned_stop_id":"","stop_headsign":{"translation":[{"text":"","language":"en"}]},"pickup_type":0,"drop_off_type":0,"shape_dist_traveled":0},"departure_occupancy_status":0},{"stop_sequence":30,"arrival":null,"departure":{"delay":0,"time":1730087597,"uncertainty":0,"schedule_time":1730082960},"stop_id":"WELLSDA3","schedule_relationship":0,"stop_time_properties":{"assigned_stop_id":"","stop_headsign":{"translation":[{"text":"","language":"en"}]},"pickup_type":0,"drop_off_type":0,"shape_dist_traveled":0},"departure_occupancy_status":0},{"stop_sequence":31,"arrival":null,"departure":null,"stop_id":"WELLCRES","schedule_relationship":1,"stop_time_properties":{"assigned_stop_id":"","stop_headsign":{"translation":[{"text":"","language":"en"}]},"pickup_type":0,"drop_off_type":0,"shape_dist_traveled":0},"departure_occupancy_status":0},{"stop_sequence":32,"arrival":null,"departure":null,"stop_id":"WELLCRE2","schedule_relationship":1,"stop_time_properties":{"assigned_stop_id":"","stop_headsign":{"translation":[{"text":"","language":"en"}]},"pickup_type":0,"drop_off_type":0,"shape_dist_traveled":0},"departure_occupancy_status":0},{"stop_sequence":33,"arrival":null,"departure":null,"stop_id":"WELLWIL1","schedule_relationship":1,"stop_time_properties":{"assigned_stop_id":"","stop_headsign":{"translation":[{"text":"","language":"en"}]},"pickup_type":0,"drop_off_type":0,"shape_dist_traveled":0},"departure_occupancy_status":0},{"stop_sequence":34,"arrival":null,"departure":{"delay":0,"time":1730087660,"uncertainty":0,"schedule_time":1730083103},"stop_id":"WELLWIL3","schedule_relationship":0,"stop_time_properties":{"assigned_stop_id":"","stop_headsign":{"translation":[{"text":"","language":"en"}]},"pickup_type":0,"drop_off_type":0,"shape_dist_traveled":0},"departure_occupancy_status":0},{"stop_sequence":35,"arrival":null,"departure":{"delay":0,"time":1730087714,"uncertainty":0,"schedule_time":1730083129},"stop_id":"WELLWAT1","schedule_relationship":0,"stop_time_properties":{"assigned_stop_id":"","stop_headsign":{"translation":[{"text":"","language":"en"}]},"pickup_type":0,"drop_off_type":0,"shape_dist_traveled":0},"departure_occupancy_status":0},{"stop_sequence":36,"arrival":null,"departure":{"delay":0,"time":1730087742,"uncertainty":0,"schedule_time":1730083163},"stop_id":"WELLCOM1","schedule_relationship":0,"stop_time_properties":{"assigned_stop_id":"","stop_headsign":{"translation":[{"text":"","language":"en"}]},"pickup_type":0,"drop_off_type":0,"shape_dist_traveled":0},"departure_occupancy_status":0},{"stop_sequence":37,"arrival":null,"departure":{"delay":0,"time":1730087780,"uncertainty":0,"schedule_time":1730083200},"stop_id":"WELLBAS1","schedule_relationship":0,"stop_time_properties":{"assigned_stop_id":"","stop_headsign":{"translation":[{"text":"","language":"en"}]},"pickup_type":0,"drop_off_type":0,"shape_dist_traveled":0},"departure_occupancy_status":0},{"stop_sequence":38,"arrival":null,"departure":{"delay":0,"time":1730087809,"uncertainty":0,"schedule_time":1730083254},"stop_id":"WELLCHES","schedule_relationship":0,"stop_time_properties":{"assigned_stop_id":"","stop_headsign":{"translation":[{"text":"","language":"en"}]},"pickup_type":0,"drop_off_type":0,"shape_dist_traveled":0},"departure_occupancy_status":0},{"stop_sequence":39,"arrival":null,"departure":{"delay":0,"time":1730087837,"uncertainty":0,"schedule_time":1730083305},"stop_id":"WELLALEX","schedule_relationship":0,"stop_time_properties":{"assigned_stop_id":"","stop_headsign":{"translation":[{"text":"","language":"en"}]},"pickup_type":0,"drop_off_type":0,"shape_dist_traveled":0},"departure_occupancy_status":0},{"stop_sequence":40,"arrival":null,"departure":{"delay":0,"time":1730087856,"uncertainty":0,"schedule_time":1730083342},"stop_id":"WELLBOND","schedule_relationship":0,"stop_time_properties":{"assigned_stop_id":"","stop_headsign":{"translation":[{"text":"","language":"en"}]},"pickup_type":0,"drop_off_type":0,"shape_dist_traveled":0},"departure_occupancy_status":0},{"stop_sequence":41,"arrival":null,"departure":{"delay":0,"time":1730087874,"uncertainty":0,"schedule_time":1730083381},"stop_id":"WELLMCL1","schedule_relationship":0,"stop_time_properties":{"assigned_stop_id":"","stop_headsign":{"translation":[{"text":"","language":"en"}]},"pickup_type":0,"drop_off_type":0,"shape_dist_traveled":0},"departure_occupancy_status":0},{"stop_sequence":42,"arrival":null,"departure":{"delay":0,"time":1730087937,"uncertainty":0,"schedule_time":1730083441},"stop_id":"GRANHIG2","schedule_relationship":0,"stop_time_properties":{"assigned_stop_id":"","stop_headsign":{"translation":[{"text":"","language":"en"}]},"pickup_type":0,"drop_off_type":0,"shape_dist_traveled":0},"departure_occupancy_status":0},{"stop_sequence":43,"arrival":null,"departure":{"delay":0,"time":1730087953,"uncertainty":0,"schedule_time":1730083465},"stop_id":"GRANHIG4","schedule_relationship":0,"stop_time_properties":{"assigned_stop_id":"","stop_headsign":{"translation":[{"text":"","language":"en"}]},"pickup_type":0,"drop_off_type":0,"shape_dist_traveled":0},"departure_occupancy_status":0},{"stop_sequence":44,"arrival":null,"departure":{"delay":0,"time":1730087982,"uncertainty":0,"schedule_time":1730083502},"stop_id":"CARFGRAN","schedule_relationship":0,"stop_time_properties":{"assigned_stop_id":"","stop_headsign":{"translation":[{"text":"","language":"en"}]},"pickup_type":0,"drop_off_type":0,"shape_dist_traveled":0},"departure_occupancy_status":0},{"stop_sequence":45,"arrival":null,"departure":{"delay":0,"time":1730088012,"uncertainty":0,"schedule_time":1730083541},"stop_id":"CARFCAR1","schedule_relationship":0,"stop_time_properties":{"assigned_stop_id":"","stop_headsign":{"translation":[{"text":"","language":"en"}]},"pickup_type":0,"drop_off_type":0,"shape_dist_traveled":0},"departure_occupancy_status":0},{"stop_sequence":46,"arrival":null,"departure":{"delay":0,"time":1730088050,"uncertainty":0,"schedule_time":1730083595},"stop_id":"RICHSIM1","schedule_relationship":0,"stop_time_properties":{"assigned_stop_id":"","stop_headsign":{"translation":[{"text":"","language":"en"}]},"pickup_type":0,"drop_off_type":0,"shape_dist_traveled":0},"departure_occupancy_status":0},{"stop_sequence":47,"arrival":null,"departure":{"delay":0,"time":1730088079,"uncertainty":0,"schedule_time":1730083619},"stop_id":"RICHHOT3","schedule_relationship":0,"stop_time_properties":{"assigned_stop_id":"","stop_headsign":{"translation":[{"text":"","language":"en"}]},"pickup_type":0,"drop_off_type":0,"shape_dist_traveled":0},"departure_occupancy_status":0},{"stop_sequence":48,"arrival":null,"departure":{"delay":0,"time":1730088197,"uncertainty":0,"schedule_time":1730083684},"stop_id":"RICHKIN1","schedule_relationship":0,"stop_time_properties":{"assigned_stop_id":"","stop_headsign":{"translation":[{"text":"","language":"en"}]},"pickup_type":0,"drop_off_type":0,"shape_dist_traveled":0},"departure_occupancy_status":0},{"stop_sequence":49,"arrival":{"delay":0,"time":1730088227,"uncertainty":0,"schedule_time":1730083740},"departure":null,"stop_id":"RICHQUEE","schedule_relationship":0,"stop_time_properties":{"assigned_stop_id":"","stop_headsign":{"translation":[{"text":"","language":"en"}]},"pickup_type":1,"drop_off_type":0,"shape_dist_traveled":0},"departure_occupancy_status":0},{"stop_sequence":50,"arrival":null,"departure":{"delay":0,"time":1730088287,"uncertainty":0,"schedule_time":1730083740},"stop_id":"RICHQUEE","schedule_relationship":0,"stop_time_properties":{"assigned_stop_id":"","stop_headsign":{"translation":[{"text":"","language":"en"}]},"pickup_type":0,"drop_off_type":1,"shape_dist_traveled":0},"departure_occupancy_status":0},{"stop_sequence":51,"arrival":null,"departure":{"delay":0,"time":1730088311,"uncertainty":0,"schedule_time":1730083808},"stop_id":"RICHKEN1","schedule_relationship":0,"stop_time_properties":{"assigned_stop_id":"","stop_headsign":{"translation":[{"text":"","language":"en"}]},"pickup_type":0,"drop_off_type":0,"shape_dist_traveled":0},"departure_occupancy_status":0},{"stop_sequence":52,"arrival":null,"departure":{"delay":0,"time":1730088360,"uncertainty":0,"schedule_time":1730083869},"stop_id":"RICHHYM1","schedule_relationship":0,"stop_time_properties":{"assigned_stop_id":"","stop_headsign":{"translation":[{"text":"","language":"en"}]},"pickup_type":0,"drop_off_type":0,"shape_dist_traveled":0},"departure_occupancy_status":0},{"stop_sequence":53,"arrival":null,"departure":{"delay":0,"time":1730088391,"uncertainty":0,"schedule_time":1730083904},"stop_id":"RICHPALL","schedule_relationship":0,"stop_time_properties":{"assigned_stop_id":"","stop_headsign":{"translation":[{"text":"","language":"en"}]},"pickup_type":0,"drop_off_type":0,"shape_dist_traveled":0},"departure_occupancy_status":0},{"stop_sequence":54,"arrival":null,"departure":{"delay":0,"time":1730088491,"uncertainty":0,"schedule_time":1730083980},"stop_id":"RICHOXF1","schedule_relationship":0,"stop_time_properties":{"assigned_stop_id":"","stop_headsign":{"translation":[{"text":"","language":"en"}]},"pickup_type":0,"drop_off_type":0,"shape_dist_traveled":0},"departure_occupancy_status":0},{"stop_sequence":55,"arrival":null,"departure":{"delay":0,"time":1730088506,"uncertainty":0,"schedule_time":1730084006},"stop_id":"RICHJAM1","schedule_relationship":0,"stop_time_properties":{"assigned_stop_id":"","stop_headsign":{"translation":[{"text":"","language":"en"}]},"pickup_type":0,"drop_off_type":0,"shape_dist_traveled":0},"departure_occupancy_status":0},{"stop_sequence":56,"arrival":null,"departure":{"delay":0,"time":1730088528,"uncertainty":0,"schedule_time":1730084050},"stop_id":"RICHGRO1","schedule_relationship":0,"stop_time_properties":{"assigned_stop_id":"","stop_headsign":{"translation":[{"text":"","language":"en"}]},"pickup_type":0,"drop_off_type":0,"shape_dist_traveled":0},"departure_occupancy_status":0},{"stop_sequence":57,"arrival":null,"departure":{"delay":0,"time":1730088542,"uncertainty":0,"schedule_time":1730084076},"stop_id":"RICHCHE1","schedule_relationship":0,"stop_time_properties":{"assigned_stop_id":"","stop_headsign":{"translation":[{"text":"","language":"en"}]},"pickup_type":0,"drop_off_type":0,"shape_dist_traveled":0},"departure_occupancy_status":0},{"stop_sequence":58,"arrival":null,"departure":{"delay":0,"time":1730088560,"uncertainty":0,"schedule_time":1730084112},"stop_id":"RICHVIC1","schedule_relationship":0,"stop_time_properties":{"assigned_stop_id":"","stop_headsign":{"translation":[{"text":"","language":"en"}]},"pickup_type":0,"drop_off_type":0,"shape_dist_traveled":0},"departure_occupancy_status":0},{"stop_sequence":59,"arrival":null,"departure":{"delay":0,"time":1730088577,"uncertainty":0,"schedule_time":1730084148},"stop_id":"RICHREG1","schedule_relationship":0,"stop_time_properties":{"assigned_stop_id":"","stop_headsign":{"translation":[{"text":"","language":"en"}]},"pickup_type":0,"drop_off_type":0,"shape_dist_traveled":0},"departure_occupancy_status":0},{"stop_sequence":60,"arrival":null,"departure":{"delay":0,"time":1730088596,"uncertainty":0,"schedule_time":1730084177},"stop_id":"RICHHUR1","schedule_relationship":0,"stop_time_properties":{"assigned_stop_id":"","stop_headsign":{"translation":[{"text":"","language":"en"}]},"pickup_type":0,"drop_off_type":0,"shape_dist_traveled":0},"departure_occupancy_status":0},{"stop_sequence":61,"arrival":null,"departure":{"delay":0,"time":1730088652,"uncertainty":0,"schedule_time":1730084224},"stop_id":"UNIVRIC2","schedule_relationship":0,"stop_time_properties":{"assigned_stop_id":"","stop_headsign":{"translation":[{"text":"","language":"en"}]},"pickup_type":0,"drop_off_type":0,"shape_dist_traveled":0},"departure_occupancy_status":0},{"stop_sequence":62,"arrival":null,"departure":{"delay":0,"time":1730088682,"uncertainty":0,"schedule_time":1730084265},"stop_id":"UNIVSUN2","schedule_relationship":0,"stop_time_properties":{"assigned_stop_id":"","stop_headsign":{"translation":[{"text":"","language":"en"}]},"pickup_type":0,"drop_off_type":0,"shape_dist_traveled":0},"departure_occupancy_status":0},{"stop_sequence":63,"arrival":null,"departure":{"delay":0,"time":1730088777,"uncertainty":0,"schedule_time":1730084340},"stop_id":"DELAHALL","schedule_relationship":0,"stop_time_properties":{"assigned_stop_id":"","stop_headsign":{"translation":[{"text":"","language":"en"}]},"pickup_type":0,"drop_off_type":0,"shape_dist_traveled":0},"departure_occupancy_status":0},{"stop_sequence":64,"arrival":null,"departure":{"delay":0,"time":1730088844,"uncertainty":0,"schedule_time":1730084432},"stop_id":"UNIVHOS1","schedule_relationship":0,"stop_time_properties":{"assigned_stop_id":"","stop_headsign":{"translation":[{"text":"","language":"en"}]},"pickup_type":0,"drop_off_type":0,"shape_dist_traveled":0},"departure_occupancy_status":0},{"stop_sequence":65,"arrival":null,"departure":{"delay":0,"time":1730088862,"uncertainty":0,"schedule_time":1730084453},"stop_id":"PERTWIN1","schedule_relationship":0,"stop_time_properties":{"assigned_stop_id":"","stop_headsign":{"translation":[{"text":"","language":"en"}]},"pickup_type":0,"drop_off_type":0,"shape_dist_traveled":0},"departure_occupancy_status":0},{"stop_sequence":66,"arrival":null,"departure":{"delay":0,"time":1730088931,"uncertainty":0,"schedule_time":1730084507},"stop_id":"RICHWIN1","schedule_relationship":0,"stop_time_properties":{"assigned_stop_id":"","stop_headsign":{"translation":[{"text":"","language":"en"}]},"pickup_type":0,"drop_off_type":0,"shape_dist_traveled":0},"departure_occupancy_status":0},{"stop_sequence":67,"arrival":null,"departure":{"delay":0,"time":1730088951,"uncertainty":0,"schedule_time":1730084537},"stop_id":"RICHWEC1","schedule_relationship":0,"stop_time_properties":{"assigned_stop_id":"","stop_headsign":{"translation":[{"text":"","language":"en"}]},"pickup_type":0,"drop_off_type":0,"shape_dist_traveled":0},"departure_occupancy_status":0},{"stop_sequence":68,"arrival":null,"departure":{"delay":0,"time":1730088980,"uncertainty":0,"schedule_time":1730084566},"stop_id":"RICHCANT","schedule_relationship":0,"stop_time_properties":{"assigned_stop_id":"","stop_headsign":{"translation":[{"text":"","language":"en"}]},"pickup_type":0,"drop_off_type":0,"shape_dist_traveled":0},"departure_occupancy_status":0},{"stop_sequence":69,"arrival":null,"departure":{"delay":0,"time":1730089033,"uncertainty":0,"schedule_time":1730084615},"stop_id":"RICHSUNN","schedule_relationship":0,"stop_time_properties":{"assigned_stop_id":"","stop_headsign":{"translation":[{"text":"","language":"en"}]},"pickup_type":0,"drop_off_type":0,"shape_dist_traveled":0},"departure_occupancy_status":0},{"stop_sequence":70,"arrival":null,"departure":{"delay":0,"time":1730089056,"uncertainty":0,"schedule_time":1730084700},"stop_id":"MASOSTO5","schedule_relationship":0,"stop_time_properties":{"assigned_stop_id":"","stop_headsign":{"translation":[{"text":"","language":"en"}]},"pickup_type":0,"drop_off_type":0,"shape_dist_traveled":0},"departure_occupancy_status":0}],"vehicle":{"id":"3024","label":"24","license_plate":""},"timestamp":1730086722,"delay":0,"trip_properties":{"trip_id":"2109524","start_date":"20241027","start_time":"22:19:00","shape_id":"0","route_id":"","trip_headsign":{"translation":[{"text":"13A Masonville Mall via Westminster Park","language":"en"}]},"trip_short_name":{"translation":[{"text":"Masonville Mall via Westmins","language":"en"}]},"block_id":"867036"},"vehicle_properties":{"wheelchair_accessible":0,"bikes_allowed":0},"replaced_by_trip_id":["0"]},"vehicle":null,"alert":null,"shape":null,"trip":null,"route":null,"stop":null},{"id":"2097019","is_deleted":false,"trip_update":{"trip":{"trip_id":"2097019","start_time":"21:46:00","start_date":"20241027","schedule_relationship":0,"route_id":"04","direction_id":1},"stop_time_update":[{"stop_sequence":15,"arrival":null,"departure":null,"stop_id":"OXFOADE2","schedule_relationship":1,"stop_time_properties":{"assigned_stop_id":"","stop_headsign":{"translation":[{"text":"","language":"en"}]},"pickup_type":0,"drop_off_type":0,"shape_dist_traveled":0},"departure_occupancy_status":0},{"stop_sequence":16,"arrival":null,"departure":null,"stop_id":"OXFOWIL2","schedule_relationship":1,"stop_time_properties":{"assigned_stop_id":"","stop_headsign":{"translation":[{"text":"","language":"en"}]},"pickup_type":0,"drop_off_type":0,"shape_dist_traveled":0},"departure_occupancy_status":0},{"stop_sequence":17,"arrival":null,"departure":null,"stop_id":"OXFOMAI2","schedule_relationship":1,"stop_time_properties":{"assigned_stop_id":"","stop_headsign":{"translation":[{"text":"","language":"en"}]},"pickup_type":0,"drop_off_type":0,"shape_dist_traveled":0},"departure_occupancy_status":0},{"stop_sequence":18,"arrival":null,"departure":null,"stop_id":"OXFOCOL2","schedule_relationship":1,"stop_time_properties":{"assigned_stop_id":"","stop_headsign":{"translation":[{"text":"","language":"en"}]},"pickup_type":0,"drop_off_type":0,"shape_dist_traveled":0},"departure_occupancy_status":0},{"stop_sequence":19,"arrival":null,"departure":null,"stop_id":"OXFOWAT2","schedule_relationship":1,"stop_time_properties":{"assigned_stop_id":"","stop_headsign":{"translation":[{"text":"","language":"en"}]},"pickup_type":0,"drop_off_type":0,"shape_dist_traveled":0},"departure_occupancy_status":0},{"stop_sequence":20,"arrival":null,"departure":null,"stop_id":"OXFOWEL2","schedule_relationship":1,"stop_time_properties":{"assigned_stop_id":"","stop_headsign":{"translation":[{"text":"","language":"en"}]},"pickup_type":0,"drop_off_type":0,"shape_dist_traveled":0},"departure_occupancy_status":0},{"stop_sequence":21,"arrival":null,"departure":null,"stop_id":"RICHOXF2","schedule_relationship":1,"stop_time_properties":{"assigned_stop_id":"","stop_headsign":{"translation":[{"text":"","language":"en"}]},"pickup_type":0,"drop_off_type":0,"shape_dist_traveled":0},"departure_occupancy_status":0},{"stop_sequence":22,"arrival":null,"departure":null,"stop_id":"RICHMILL","schedule_relationship":1,"stop_time_properties":{"assigned_stop_id":"","stop_headsign":{"translation":[{"text":"","language":"en"}]},"pickup_type":0,"drop_off_type":0,"shape_dist_traveled":0},"departure_occupancy_status":0},{"stop_sequence":23,"arrival":null,"departure":null,"stop_id":"RICHCENT","schedule_relationship":1,"stop_time_properties":{"assigned_stop_id":"","stop_headsign":{"translation":[{"text":"","language":"en"}]},"pickup_type":0,"drop_off_type":0,"shape_dist_traveled":0},"departure_occupancy_status":0},{"stop_sequence":24,"arrival":null,"departure":null,"stop_id":"RICHKEN2","schedule_relationship":1,"stop_time_properties":{"assigned_stop_id":"","stop_headsign":{"translation":[{"text":"","language":"en"}]},"pickup_type":0,"drop_off_type":0,"shape_dist_traveled":0},"departure_occupancy_status":0},{"stop_sequence":25,"arrival":null,"departure":null,"stop_id":"RICHDUF2","schedule_relationship":1,"stop_time_properties":{"assigned_stop_id":"","stop_headsign":{"translation":[{"text":"","language":"en"}]},"pickup_type":0,"drop_off_type":0,"shape_dist_traveled":0},"departure_occupancy_status":0},{"stop_sequence":26,"arrival":null,"departure":null,"stop_id":"RICHQUE1","schedule_relationship":1,"stop_time_properties":{"assigned_stop_id":"","stop_headsign":{"translation":[{"text":"","language":"en"}]},"pickup_type":0,"drop_off_type":0,"shape_dist_traveled":0},"departure_occupancy_status":0},{"stop_sequence":27,"arrival":null,"departure":null,"stop_id":"RICHKIN4","schedule_relationship":1,"stop_time_properties":{"assigned_stop_id":"","stop_headsign":{"translation":[{"text":"","language":"en"}]},"pickup_type":1,"drop_off_type":0,"shape_dist_traveled":0},"departure_occupancy_status":0},{"stop_sequence":28,"arrival":null,"departure":null,"stop_id":"RICHKIN4","schedule_relationship":1,"stop_time_properties":{"assigned_stop_id":"","stop_headsign":{"translation":[{"text":"","language":"en"}]},"pickup_type":0,"drop_off_type":1,"shape_dist_traveled":0},"departure_occupancy_status":0},{"stop_sequence":29,"arrival":null,"departure":null,"stop_id":"HORTRIC2","schedule_relationship":1,"stop_time_properties":{"assigned_stop_id":"","stop_headsign":{"translation":[{"text":"","language":"en"}]},"pickup_type":0,"drop_off_type":0,"shape_dist_traveled":0},"departure_occupancy_status":0},{"stop_sequence":30,"arrival":null,"departure":null,"stop_id":"RIDOHORT","schedule_relationship":1,"stop_time_properties":{"assigned_stop_id":"","stop_headsign":{"translation":[{"text":"","language":"en"}]},"pickup_type":0,"drop_off_type":0,"shape_dist_traveled":0},"departure_occupancy_status":0},{"stop_sequence":31,"arrival":null,"departure":null,"stop_id":"RIDOCRA2","schedule_relationship":1,"stop_time_properties":{"assigned_stop_id":"","stop_headsign":{"translation":[{"text":"","language":"en"}]},"pickup_type":0,"drop_off_type":0,"shape_dist_traveled":0},"departure_occupancy_status":0},{"stop_sequence":32,"arrival":null,"departure":null,"stop_id":"RIDOELMW","schedule_relationship":1,"stop_time_properties":{"assigned_stop_id":"","stop_headsign":{"translation":[{"text":"","language":"en"}]},"pickup_type":0,"drop_off_type":0,"shape_dist_traveled":0},"departure_occupancy_status":0},{"stop_sequence":33,"arrival":null,"departure":null,"stop_id":"RIDOTEC2","schedule_relationship":1,"stop_time_properties":{"assigned_stop_id":"","stop_headsign":{"translation":[{"text":"","language":"en"}]},"pickup_type":0,"drop_off_type":0,"shape_dist_traveled":0},"departure_occupancy_status":0},{"stop_sequence":34,"arrival":null,"departure":null,"stop_id":"RIDOWINS","schedule_relationship":1,"stop_time_properties":{"assigned_stop_id":"","stop_headsign":{"translation":[{"text":"","language":"en"}]},"pickup_type":0,"drop_off_type":0,"shape_dist_traveled":0},"departure_occupancy_status":0},{"stop_sequence":35,"arrival":null,"departure":null,"stop_id":"RIDOEME2","schedule_relationship":1,"stop_time_properties":{"assigned_stop_id":"","stop_headsign":{"translation":[{"text":"","language":"en"}]},"pickup_type":0,"drop_off_type":0,"shape_dist_traveled":0},"departure_occupancy_status":0},{"stop_sequence":36,"arrival":null,"departure":null,"stop_id":"RIDOROSE","schedule_relationship":1,"stop_time_properties":{"assigned_stop_id":"","stop_headsign":{"translation":[{"text":"","language":"en"}]},"pickup_type":0,"drop_off_type":0,"shape_dist_traveled":0},"departure_occupancy_status":0},{"stop_sequence":37,"arrival":null,"departure":null,"stop_id":"RIDOBAS2","schedule_relationship":1,"stop_time_properties":{"assigned_stop_id":"","stop_headsign":{"translation":[{"text":"","language":"en"}]},"pickup_type":0,"drop_off_type":0,"shape_dist_traveled":0},"departure_occupancy_status":0},{"stop_sequence":38,"arrival":null,"departure":null,"stop_id":"RIDOMOU2","schedule_relationship":1,"stop_time_properties":{"assigned_stop_id":"","stop_headsign":{"translation":[{"text":"","language":"en"}]},"pickup_type":0,"drop_off_type":0,"shape_dist_traveled":0},"departure_occupancy_status":0},{"stop_sequence":39,"arrival":null,"departure":null,"stop_id":"UPPECOM2","schedule_relationship":1,"stop_time_properties":{"assigned_stop_id":"","stop_headsign":{"translation":[{"text":"","language":"en"}]},"pickup_type":0,"drop_off_type":0,"shape_dist_traveled":0},"departure_occupancy_status":0},{"stop_sequence":40,"arrival":null,"departure":null,"stop_id":"UPPECHI4","schedule_relationship":1,"stop_time_properties":{"assigned_stop_id":"","stop_headsign":{"translation":[{"text":"","language":"en"}]},"pickup_type":0,"drop_off_type":0,"shape_dist_traveled":0},"departure_occupancy_status":0},{"stop_sequence":41,"arrival":null,"departure":null,"stop_id":"CHIDHUN1","schedule_relationship":1,"stop_time_properties":{"assigned_stop_id":"","stop_headsign":{"translation":[{"text":"","language":"en"}]},"pickup_type":0,"drop_off_type":0,"shape_dist_traveled":0},"departure_occupancy_status":0},{"stop_sequence":42,"arrival":null,"departure":null,"stop_id":"CHIDCHID","schedule_relationship":1,"stop_time_properties":{"assigned_stop_id":"","stop_headsign":{"translation":[{"text":"","language":"en"}]},"pickup_type":0,"drop_off_type":0,"shape_dist_traveled":0},"departure_occupancy_status":0},{"stop_sequence":43,"arrival":null,"departure":null,"stop_id":"WILKCHI2","schedule_relationship":1,"stop_time_properties":{"assigned_stop_id":"","stop_headsign":{"translation":[{"text":"","language":"en"}]},"pickup_type":0,"drop_off_type":0,"shape_dist_traveled":0},"departure_occupancy_status":0},{"stop_sequence":44,"arrival":null,"departure":null,"stop_id":"SANDWIL2","schedule_relationship":1,"stop_time_properties":{"assigned_stop_id":"","stop_headsign":{"translation":[{"text":"","language":"en"}]},"pickup_type":0,"drop_off_type":0,"shape_dist_traveled":0},"departure_occupancy_status":0},{"stop_sequence":45,"arrival":null,"departure":null,"stop_id":"SANDVER1","schedule_relationship":1,"stop_time_properties":{"assigned_stop_id":"","stop_headsign":{"translation":[{"text":"","language":"en"}]},"pickup_type":0,"drop_off_type":0,"shape_dist_traveled":0},"departure_occupancy_status":0},{"stop_sequence":46,"arrival":null,"departure":null,"stop_id":"VERUEDEN","schedule_relationship":1,"stop_time_properties":{"assigned_stop_id":"","stop_headsign":{"translation":[{"text":"","language":"en"}]},"pickup_type":0,"drop_off_type":0,"shape_dist_traveled":0},"departure_occupancy_status":0}],"vehicle":{"id":"3377","label":"377","license_plate":""},"timestamp":1730085508,"delay":0,"trip_properties":{"trip_id":"2097019","start_date":"20241027","start_time":"21:46:00","shape_id":"0","route_id":"04","trip_headsign":{"translation":[{"text":"4A White Oaks Mall via Downtown","language":"en"}]},"trip_short_name":{"translation":[{"text":"White Oaks Mall via Downtown","language":"en"}]},"block_id":"867011"},"vehicle_properties":{"wheelchair_accessible":0,"bikes_allowed":0},"replaced_by_trip_id":["0"]},"vehicle":null,"alert":null,"shape":null,"trip":null,"route":null,"stop":null},{"id":"2097024","is_deleted":false,"trip_update":{"trip":{"trip_id":"2097024","start_time":"22:38:00","start_date":"20241027","schedule_relationship":0,"route_id":"04","direction_id":0},"stop_time_update":[{"stop_sequence":1,"arrival":null,"departure":{"delay":0,"time":1730085509,"uncertainty":0,"schedule_time":1730083080},"stop_id":"WHOKMANB","schedule_relationship":0,"stop_time_properties":{"assigned_stop_id":"","stop_headsign":{"translation":[{"text":"","language":"en"}]},"pickup_type":0,"drop_off_type":1,"shape_dist_traveled":0},"departure_occupancy_status":0},{"stop_sequence":2,"arrival":null,"departure":{"delay":0,"time":1730085528,"uncertainty":0,"schedule_time":1730083122},"stop_id":"JALNBRA1","schedule_relationship":0,"stop_time_properties":{"assigned_stop_id":"","stop_headsign":{"translation":[{"text":"","language":"en"}]},"pickup_type":0,"drop_off_type":0,"shape_dist_traveled":0},"departure_occupancy_status":0},{"stop_sequence":3,"arrival":null,"departure":{"delay":0,"time":1730085559,"uncertainty":0,"schedule_time":1730083147},"stop_id":"JALNBRA3","schedule_relationship":0,"stop_time_properties":{"assigned_stop_id":"","stop_headsign":{"translation":[{"text":"","language":"en"}]},"pickup_type":0,"drop_off_type":0,"shape_dist_traveled":0},"departure_occupancy_status":0},{"stop_sequence":4,"arrival":null,"departure":{"delay":0,"time":1730085594,"uncertainty":0,"schedule_time":1730083196},"stop_id":"JALNPON1","schedule_relationship":0,"stop_time_properties":{"assigned_stop_id":"","stop_headsign":{"translation":[{"text":"","language":"en"}]},"pickup_type":0,"drop_off_type":0,"shape_dist_traveled":0},"departure_occupancy_status":0},{"stop_sequence":5,"arrival":null,"departure":{"delay":0,"time":1730085622,"uncertainty":0,"schedule_time":1730083233},"stop_id":"JALNBEE1","schedule_relationship":0,"stop_time_properties":{"assigned_stop_id":"","stop_headsign":{"translation":[{"text":"","language":"en"}]},"pickup_type":0,"drop_off_type":0,"shape_dist_traveled":0},"departure_occupancy_status":0},{"stop_sequence":6,"arrival":null,"departure":{"delay":0,"time":1730085635,"uncertainty":0,"schedule_time":1730083254},"stop_id":"JALNPOP1","schedule_relationship":0,"stop_time_properties":{"assigned_stop_id":"","stop_headsign":{"translation":[{"text":"","language":"en"}]},"pickup_type":0,"drop_off_type":0,"shape_dist_traveled":0},"departure_occupancy_status":0},{"stop_sequence":7,"arrival":null,"departure":{"delay":0,"time":1730085683,"uncertainty":0,"schedule_time":1730083318},"stop_id":"ERNEJAL1","schedule_relationship":0,"stop_time_properties":{"assigned_stop_id":"","stop_headsign":{"translation":[{"text":"","language":"en"}]},"pickup_type":0,"drop_off_type":0,"shape_dist_traveled":0},"departure_occupancy_status":0},{"stop_sequence":8,"arrival":null,"departure":{"delay":0,"time":1730085784,"uncertainty":0,"schedule_time":1730083345},"stop_id":"NIXOWIMB","schedule_relationship":0,"stop_time_properties":{"assigned_stop_id":"","stop_headsign":{"translation":[{"text":"","language":"en"}]},"pickup_type":0,"drop_off_type":0,"shape_dist_traveled":0},"departure_occupancy_status":0},{"stop_sequence":9,"arrival":null,"departure":{"delay":0,"time":1730085816,"uncertainty":0,"schedule_time":1730083396},"stop_id":"NIXOEDEN","schedule_relationship":0,"stop_time_properties":{"assigned_stop_id":"","stop_headsign":{"translation":[{"text":"","language":"en"}]},"pickup_type":0,"drop_off_type":0,"shape_dist_traveled":0},"departure_occupancy_status":0},{"stop_sequence":10,"arrival":null,"departure":{"delay":0,"time":1730085843,"uncertainty":0,"schedule_time":1730083433},"stop_id":"EDENEAS1","schedule_relationship":0,"stop_time_properties":{"assigned_stop_id":"","stop_headsign":{"translation":[{"text":"","language":"en"}]},"pickup_type":0,"drop_off_type":0,"shape_dist_traveled":0},"departure_occupancy_status":0},{"stop_sequence":11,"arrival":null,"departure":{"delay":0,"time":1730085879,"uncertainty":0,"schedule_time":1730083470},"stop_id":"EDENVERU","schedule_relationship":0,"stop_time_properties":{"assigned_stop_id":"","stop_headsign":{"translation":[{"text":"","language":"en"}]},"pickup_type":0,"drop_off_type":0,"shape_dist_traveled":0},"departure_occupancy_status":0},{"stop_sequence":12,"arrival":null,"departure":{"delay":0,"time":1730083512,"uncertainty":0,"schedule_time":1730083500},"stop_id":"SANDVER2","schedule_relationship":0,"stop_time_properties":{"assigned_stop_id":"","stop_headsign":{"translation":[{"text":"","language":"en"}]},"pickup_type":0,"drop_off_type":0,"shape_dist_traveled":0},"departure_occupancy_status":0},{"stop_sequence":13,"arrival":null,"departure":{"delay":0,"time":1730083537,"uncertainty":0,"schedule_time":1730083531},"stop_id":"SANDWIL4","schedule_relationship":0,"stop_time_properties":{"assigned_stop_id":"","stop_headsign":{"translation":[{"text":"","language":"en"}]},"pickup_type":0,"drop_off_type":0,"shape_dist_traveled":0},"departure_occupancy_status":0},{"stop_sequence":14,"arrival":null,"departure":{"delay":0,"time":1730083661,"uncertainty":0,"schedule_time":1730083565},"stop_id":"WILKCHI1","schedule_relationship":0,"stop_time_properties":{"assigned_stop_id":"","stop_headsign":{"translation":[{"text":"","language":"en"}]},"pickup_type":0,"drop_off_type":0,"shape_dist_traveled":0},"departure_occupancy_status":0},{"stop_sequence":15,"arrival":null,"departure":{"delay":0,"time":1730083683,"uncertainty":0,"schedule_time":1730083591},"stop_id":"CHIDWILK","schedule_relationship":0,"stop_time_properties":{"assigned_stop_id":"","stop_headsign":{"translation":[{"text":"","language":"en"}]},"pickup_type":0,"drop_off_type":0,"shape_dist_traveled":0},"departure_occupancy_status":0},{"stop_sequence":16,"arrival":null,"departure":{"delay":0,"time":1730083734,"uncertainty":0,"schedule_time":1730083623},"stop_id":"CHIDHUN2","schedule_relationship":0,"stop_time_properties":{"assigned_stop_id":"","stop_headsign":{"translation":[{"text":"","language":"en"}]},"pickup_type":0,"drop_off_type":0,"shape_dist_traveled":0},"departure_occupancy_status":0},{"stop_sequence":17,"arrival":null,"departure":{"delay":0,"time":1730083763,"uncertainty":0,"schedule_time":1730083670},"stop_id":"CHIDUPQ2","schedule_relationship":0,"stop_time_properties":{"assigned_stop_id":"","stop_headsign":{"translation":[{"text":"","language":"en"}]},"pickup_type":0,"drop_off_type":0,"shape_dist_traveled":0},"departure_occupancy_status":0},{"stop_sequence":18,"arrival":null,"departure":{"delay":0,"time":1730083854,"uncertainty":0,"schedule_time":1730083741},"stop_id":"UPPECOM1","schedule_relationship":0,"stop_time_properties":{"assigned_stop_id":"","stop_headsign":{"translation":[{"text":"","language":"en"}]},"pickup_type":0,"drop_off_type":0,"shape_dist_traveled":0},"departure_occupancy_status":0},{"stop_sequence":19,"arrival":null,"departure":{"delay":0,"time":1730083884,"uncertainty":0,"schedule_time":1730083788},"stop_id":"RIDOBAS1","schedule_relationship":0,"stop_time_properties":{"assigned_stop_id":"","stop_headsign":{"translation":[{"text":"","language":"en"}]},"pickup_type":0,"drop_off_type":0,"shape_dist_traveled":0},"departure_occupancy_status":0},{"stop_sequence":20,"arrival":null,"departure":{"delay":0,"time":1730083917,"uncertainty":0,"schedule_time":1730083814},"stop_id":"RIDOHICK","schedule_relationship":0,"stop_time_properties":{"assigned_stop_id":"","stop_headsign":{"translation":[{"text":"","language":"en"}]},"pickup_type":0,"drop_off_type":0,"shape_dist_traveled":0},"departure_occupancy_status":0},{"stop_sequence":21,"arrival":null,"departure":{"delay":0,"time":1730083939,"uncertainty":0,"schedule_time":1730083860},"stop_id":"RIDOEME1","schedule_relationship":0,"stop_time_properties":{"assigned_stop_id":"","stop_headsign":{"translation":[{"text":"","language":"en"}]},"pickup_type":0,"drop_off_type":0,"shape_dist_traveled":0},"departure_occupancy_status":0},{"stop_sequence":22,"arrival":null,"departure":{"delay":0,"time":1730083969,"uncertainty":0,"schedule_time":1730083901},"stop_id":"RIDOBAKE","schedule_relationship":0,"stop_time_properties":{"assigned_stop_id":"","stop_headsign":{"translation":[{"text":"","language":"en"}]},"pickup_type":0,"drop_off_type":0,"shape_dist_traveled":0},"departure_occupancy_status":0},{"stop_sequence":23,"arrival":null,"departure":{"delay":0,"time":1730083987,"uncertainty":0,"schedule_time":1730083931},"stop_id":"RIDOTEC1","schedule_relationship":0,"stop_time_properties":{"assigned_stop_id":"","stop_headsign":{"translation":[{"text":"","language":"en"}]},"pickup_type":0,"drop_off_type":0,"shape_dist_traveled":0},"departure_occupancy_status":0},{"stop_sequence":24,"arrival":null,"departure":{"delay":0,"time":1730084029,"uncertainty":0,"schedule_time":1730083961},"stop_id":"RIDOGRAN","schedule_relationship":0,"stop_time_properties":{"assigned_stop_id":"","stop_headsign":{"translation":[{"text":"","language":"en"}]},"pickup_type":0,"drop_off_type":0,"shape_dist_traveled":0},"departure_occupancy_status":0},{"stop_sequence":25,"arrival":null,"departure":{"delay":0,"time":1730084059,"uncertainty":0,"schedule_time":1730084004},"stop_id":"RIDOCRA1","schedule_relationship":0,"stop_time_properties":{"assigned_stop_id":"","stop_headsign":{"translation":[{"text":"","language":"en"}]},"pickup_type":0,"drop_off_type":0,"shape_dist_traveled":0},"departure_occupancy_status":0},{"stop_sequence":26,"arrival":null,"departure":{"delay":0,"time":1730084059,"uncertainty":0,"schedule_time":1730084028},"stop_id":"RIDOING1","schedule_relationship":0,"stop_time_properties":{"assigned_stop_id":"","stop_headsign":{"translation":[{"text":"","language":"en"}]},"pickup_type":0,"drop_off_type":0,"shape_dist_traveled":0},"departure_occupancy_status":0},{"stop_sequence":27,"arrival":null,"departure":{"delay":0,"time":1730084089,"uncertainty":0,"schedule_time":1730084064},"stop_id":"HORTRID1","schedule_relationship":0,"stop_time_properties":{"assigned_stop_id":"","stop_headsign":{"translation":[{"text":"","language":"en"}]},"pickup_type":0,"drop_off_type":0,"shape_dist_traveled":0},"departure_occupancy_status":0},{"stop_sequence":28,"arrival":null,"departure":{"delay":0,"time":1730084119,"uncertainty":0,"schedule_time":1730084111},"stop_id":"RICHHOT1","schedule_relationship":0,"stop_time_properties":{"assigned_stop_id":"","stop_headsign":{"translation":[{"text":"","language":"en"}]},"pickup_type":0,"drop_off_type":0,"shape_dist_traveled":0},"departure_occupancy_status":0},{"stop_sequence":29,"arrival":null,"departure":{"delay":0,"time":1730084196,"uncertainty":0,"schedule_time":1730084160},"stop_id":"RICHKIN1","schedule_relationship":0,"stop_time_properties":{"assigned_stop_id":"","stop_headsign":{"translation":[{"text":"","language":"en"}]},"pickup_type":0,"drop_off_type":0,"shape_dist_traveled":0},"departure_occupancy_status":0},{"stop_sequence":30,"arrival":{"delay":0,"time":1730084219,"uncertainty":0,"schedule_time":1730084280},"departure":null,"stop_id":"RICHQUEE","schedule_relationship":0,"stop_time_properties":{"assigned_stop_id":"","stop_headsign":{"translation":[{"text":"","language":"en"}]},"pickup_type":1,"drop_off_type":0,"shape_dist_traveled":0},"departure_occupancy_status":0},{"stop_sequence":31,"arrival":null,"departure":{"delay":0,"time":1730084486,"uncertainty":0,"schedule_time":1730084400},"stop_id":"RICHQUEE","schedule_relationship":0,"stop_time_properties":{"assigned_stop_id":"","stop_headsign":{"translation":[{"text":"","language":"en"}]},"pickup_type":0,"drop_off_type":1,"shape_dist_traveled":0},"departure_occupancy_status":0},{"stop_sequence":32,"arrival":null,"departure":{"delay":0,"time":1730084549,"uncertainty":0,"schedule_time":1730084468},"stop_id":"RICHKEN1","schedule_relationship":0,"stop_time_properties":{"assigned_stop_id":"","stop_headsign":{"translation":[{"text":"","language":"en"}]},"pickup_type":0,"drop_off_type":0,"shape_dist_traveled":0},"departure_occupancy_status":0},{"stop_sequence":33,"arrival":null,"departure":{"delay":0,"time":1730084595,"uncertainty":0,"schedule_time":1730084530},"stop_id":"RICHHYM1","schedule_relationship":0,"stop_time_properties":{"assigned_stop_id":"","stop_headsign":{"translation":[{"text":"","language":"en"}]},"pickup_type":0,"drop_off_type":0,"shape_dist_traveled":0},"departure_occupancy_status":0},{"stop_sequence":34,"arrival":null,"departure":{"delay":0,"time":1730084702,"uncertainty":0,"schedule_time":1730084566},"stop_id":"RICHPALL","schedule_relationship":0,"stop_time_properties":{"assigned_stop_id":"","stop_headsign":{"translation":[{"text":"","language":"en"}]},"pickup_type":0,"drop_off_type":0,"shape_dist_traveled":0},"departure_occupancy_status":0},{"stop_sequence":35,"arrival":null,"departure":{"delay":0,"time":1730084752,"uncertainty":0,"schedule_time":1730084640},"stop_id":"OXFORIC1","schedule_relationship":0,"stop_time_properties":{"assigned_stop_id":"","stop_headsign":{"translation":[{"text":"","language":"en"}]},"pickup_type":0,"drop_off_type":0,"shape_dist_traveled":0},"departure_occupancy_status":0},{"stop_sequence":36,"arrival":null,"departure":{"delay":0,"time":1730084763,"uncertainty":0,"schedule_time":1730084659},"stop_id":"OXFOWEL1","schedule_relationship":0,"stop_time_properties":{"assigned_stop_id":"","stop_headsign":{"translation":[{"text":"","language":"en"}]},"pickup_type":0,"drop_off_type":0,"shape_dist_traveled":0},"departure_occupancy_status":0},{"stop_sequence":37,"arrival":null,"departure":{"delay":0,"time":1730084782,"uncertainty":0,"schedule_time":1730084692},"stop_id":"OXFOWAT1","schedule_relationship":0,"stop_time_properties":{"assigned_stop_id":"","stop_headsign":{"translation":[{"text":"","language":"en"}]},"pickup_type":0,"drop_off_type":0,"shape_dist_traveled":0},"departure_occupancy_status":0},{"stop_sequence":38,"arrival":null,"departure":{"delay":0,"time":1730084810,"uncertainty":0,"schedule_time":1730084724},"stop_id":"OXFOCOL1","schedule_relationship":0,"stop_time_properties":{"assigned_stop_id":"","stop_headsign":{"translation":[{"text":"","language":"en"}]},"pickup_type":0,"drop_off_type":0,"shape_dist_traveled":0},"departure_occupancy_status":0},{"stop_sequence":39,"arrival":null,"departure":{"delay":0,"time":1730084812,"uncertainty":0,"schedule_time":1730084764},"stop_id":"OXFOMAI1","schedule_relationship":0,"stop_time_properties":{"assigned_stop_id":"","stop_headsign":{"translation":[{"text":"","language":"en"}]},"pickup_type":0,"drop_off_type":0,"shape_dist_traveled":0},"departure_occupancy_status":0},{"stop_sequence":40,"arrival":null,"departure":{"delay":0,"time":1730084812,"uncertainty":0,"schedule_time":1730084791},"stop_id":"OXFOWIL1","schedule_relationship":0,"stop_time_properties":{"assigned_stop_id":"","stop_headsign":{"translation":[{"text":"","language":"en"}]},"pickup_type":0,"drop_off_type":0,"shape_dist_traveled":0},"departure_occupancy_status":0},{"stop_sequence":41,"arrival":null,"departure":{"delay":0,"time":1730084892,"uncertainty":0,"schedule_time":1730084820},"stop_id":"OXFOADE1","schedule_relationship":0,"stop_time_properties":{"assigned_stop_id":"","stop_headsign":{"translation":[{"text":"","language":"en"}]},"pickup_type":0,"drop_off_type":0,"shape_dist_traveled":0},"departure_occupancy_status":0},{"stop_sequence":42,"arrival":null,"departure":{"delay":0,"time":1730084892,"uncertainty":0,"schedule_time":1730084853},"stop_id":"OXFOELI1","schedule_relationship":0,"stop_time_properties":{"assigned_stop_id":"","stop_headsign":{"translation":[{"text":"","language":"en"}]},"pickup_type":0,"drop_off_type":0,"shape_dist_traveled":0},"departure_occupancy_status":0},{"stop_sequence":43,"arrival":null,"departure":{"delay":0,"time":1730084912,"uncertainty":0,"schedule_time":1730084882},"stop_id":"OXFOELL1","schedule_relationship":0,"stop_time_properties":{"assigned_stop_id":"","stop_headsign":{"translation":[{"text":"","language":"en"}]},"pickup_type":0,"drop_off_type":0,"shape_dist_traveled":0},"departure_occupancy_status":0},{"stop_sequence":44,"arrival":null,"departure":{"delay":0,"time":1730084955,"uncertainty":0,"schedule_time":1730084918},"stop_id":"OXFOGAM1","schedule_relationship":0,"stop_time_properties":{"assigned_stop_id":"","stop_headsign":{"translation":[{"text":"","language":"en"}]},"pickup_type":0,"drop_off_type":0,"shape_dist_traveled":0},"departure_occupancy_status":0},{"stop_sequence":45,"arrival":null,"departure":{"delay":0,"time":1730084988,"uncertainty":0,"schedule_time":1730084945},"stop_id":"OXFOSTE1","schedule_relationship":0,"stop_time_properties":{"assigned_stop_id":"","stop_headsign":{"translation":[{"text":"","language":"en"}]},"pickup_type":0,"drop_off_type":0,"shape_dist_traveled":0},"departure_occupancy_status":0},{"stop_sequence":46,"arrival":null,"departure":{"delay":0,"time":1730084997,"uncertainty":0,"schedule_time":1730084961},"stop_id":"OXFOQUE1","schedule_relationship":0,"stop_time_properties":{"assigned_stop_id":"","stop_headsign":{"translation":[{"text":"","language":"en"}]},"pickup_type":0,"drop_off_type":0,"shape_dist_traveled":0},"departure_occupancy_status":0},{"stop_sequence":47,"arrival":null,"departure":{"delay":0,"time":1730085016,"uncertainty":0,"schedule_time":1730084987},"stop_id":"OXFOSTRA","schedule_relationship":0,"stop_time_properties":{"assigned_stop_id":"","stop_headsign":{"translation":[{"text":"","language":"en"}]},"pickup_type":0,"drop_off_type":0,"shape_dist_traveled":0},"departure_occupancy_status":0},{"stop_sequence":48,"arrival":null,"departure":{"delay":0,"time":1730085027,"uncertainty":0,"schedule_time":1730085019},"stop_id":"OXFOSPIT","schedule_relationship":0,"stop_time_properties":{"assigned_stop_id":"","stop_headsign":{"translation":[{"text":"","language":"en"}]},"pickup_type":0,"drop_off_type":0,"shape_dist_traveled":0},"departure_occupancy_status":0},{"stop_sequence":49,"arrival":null,"departure":{"delay":0,"time":1730085058,"uncertainty":0,"schedule_time":1730085048},"stop_id":"OXFOCLE1","schedule_relationship":0,"stop_time_properties":{"assigned_stop_id":"","stop_headsign":{"translation":[{"text":"","language":"en"}]},"pickup_type":0,"drop_off_type":0,"shape_dist_traveled":0},"departure_occupancy_status":0},{"stop_sequence":50,"arrival":null,"departure":{"delay":0,"time":1730085081,"uncertainty":0,"schedule_time":1730085079},"stop_id":"OXFOEMPI","schedule_relationship":0,"stop_time_properties":{"assigned_stop_id":"","stop_headsign":{"translation":[{"text":"","language":"en"}]},"pickup_type":0,"drop_off_type":0,"shape_dist_traveled":0},"departure_occupancy_status":0},{"stop_sequence":51,"arrival":null,"departure":null,"stop_id":"OXFOMORN","schedule_relationship":1,"stop_time_properties":{"assigned_stop_id":"","stop_headsign":{"translation":[{"text":"","language":"en"}]},"pickup_type":0,"drop_off_type":0,"shape_dist_traveled":0},"departure_occupancy_status":0},{"stop_sequence":52,"arrival":null,"departure":null,"stop_id":"OXFOHIG1","schedule_relationship":1,"stop_time_properties":{"assigned_stop_id":"","stop_headsign":{"translation":[{"text":"","language":"en"}]},"pickup_type":0,"drop_off_type":0,"shape_dist_traveled":0},"departure_occupancy_status":0},{"stop_sequence":53,"arrival":null,"departure":null,"stop_id":"OXFOHIG3","schedule_relationship":1,"stop_time_properties":{"assigned_stop_id":"","stop_headsign":{"translation":[{"text":"","language":"en"}]},"pickup_type":0,"drop_off_type":0,"shape_dist_traveled":0},"departure_occupancy_status":0},{"stop_sequence":54,"arrival":null,"departure":{"delay":0,"time":1730085240,"uncertainty":0,"schedule_time":1730085240},"stop_id":"FANCOLL2","schedule_relationship":0,"stop_time_properties":{"assigned_stop_id":"","stop_headsign":{"translation":[{"text":"","language":"en"}]},"pickup_type":0,"drop_off_type":0,"shape_dist_traveled":0},"departure_occupancy_status":0}],"vehicle":{"id":"3377","label":"377","license_plate":""},"timestamp":1730085508,"delay":0,"trip_properties":{"trip_id":"2097024","start_date":"20241027","start_time":"22:38:00","shape_id":"0","route_id":"","trip_headsign":{"translation":[{"text":"4A Fanshawe College via Downtown","language":"en"}]},"trip_short_name":{"translation":[{"text":"Fanshawe via Downtown","language":"en"}]},"block_id":"867011"},"vehicle_properties":{"wheelchair_accessible":0,"bikes_allowed":0},"replaced_by_trip_id":["0"]},"vehicle":null,"alert":null,"shape":null,"trip":null,"route":null,"stop":null}]}